{
    "name": "🧑🏻‍🚀Xscape!",
    "description": "Speed up your work flow",
    "identifier": "Xscape",
    "icon": "icon.png",
    "author": "Wooh",
    "authorEmail": "im@hihy.me",
    "homepage": "http://xscape.fun/",
    "version": "1.6.3",
    "appcast": "https://raw.githubusercontent.com/Woohuang/SketchWooh/master/.appcast.xml",
    "commands": [
        {
            "name": "反转图层顺序 [rlh]",
            "identifier": "Reverse Layer Order [rlo]",
            "script": "Reverse Layer Order [rlo].js"
        },
        {
            "name": "根据X轴位置调整图层顺序 [stlhbx]",
            "identifier": "Sort Layer Order By X-Position [slobx]",
            "script": "Sort Layer Order By X-Position [slobx].js"
        },
        {
            "name": "根据Y轴位置调整图层顺序 [stlhby]",
            "identifier": "Sort Layer Order By Y-Position [sloby]",
            "script": "Sort Layer Order By Y-Position [sloby].js"
        },
        {
            "name": "将图像转化为形状图层 [citsl]",
            "identifier": "Convert Image To Shape Layer [citsl]",
            "script": "Convert Image To Shape Layer [citsl].js"
        },
        {
            "name": "自动文本记录 [tar]",
            "identifier": "Text Auto Recorder [tar]",
            "script": "Text Auto Recorder [tar].js"
        },
        {
            "script": "Text Auto Recorder [tar].js",
            "handlers": {
                "actions": {
                    "BlockTextChanged.finish": "textRecorder_unfinished"
                }
            }
        },
        {
            "name": "浏览器预览 [pib]",
            "shortcut": "cmd shift .",
            "identifier": "Preview In Browser [pib]",
            "script": "Preview In Browser [pib].js"
        },
        {
            "script": "Preview In Browser [pib].js",
            "handlers": {
                "actions": {
                    "DocumentSaved": "autoRefreshHandlerSave",
                    "SelectionChanged.finish": "autoRefreshHandler",
                    "HideLayer": "autoRefreshHandler",
                    "InsertImage": "autoRefreshHandler",
                    "InsertVector": "autoRefreshHandler",
                    "LayersMoved": "autoRefreshHandler",
                    "Edit.finish": "autoRefreshHandler"
                }
            }
        },
        {
            "name": "自动刷新开关 [ars]",
            "identifier": "Auto Refresh Setting [ars]",
            "script": "Auto Refresh Setting [ars].js"
        },
        {
            "name": "粘贴图层尺寸 [pls]",
            "shortcut": "ctrl shift v",
            "identifier": "Paste Layer Size [pls]",
            "script": "Paste Layer Size [pls].js"
        },
        {
            "name": "粘贴图层宽度 [plw]",
            "shortcut": "ctrl shift w",
            "identifier": "Paste Layer Width [plw]",
            "script": "Paste Layer Width [plw].js"
        },
        {
            "name": "粘贴图层高度 [plh]",
            "shortcut": "ctrl shift h",
            "identifier": "Paste Layer Height [plh]",
            "script": "Paste Layer Height [plh].js"
        },
        {
            "name": "复制图层尺寸与位置 [clsap]",
            "shortcut": "ctrl shift c",
            "identifier": "Copy Layer Size And Position [clsap]",
            "script": "Copy Layer Size And Position [clsap].js"
        },
        {
            "name": "粘贴图层位置 [plp]",
            "shortcut": "ctrl shift p",
            "identifier": "Paste Layer Position [plp]",
            "script": "Paste Layer Position [plp].js"
        },
        {
            "name": "粘贴图层X轴位置 [plx]",
            "shortcut": "ctrl shift x",
            "identifier": "Paste Layer X-Position [plx]",
            "script": "Paste Layer X-Position [plx].js"
        },
        {
            "name": "粘贴图层Y轴位置 [ply]",
            "shortcut": "ctrl shift y",
            "identifier": "Paste Layer Y-Position [ply]",
            "script": "Paste Layer Y-Position [ply].js"
        },
        {
            "name": "通过名字同步画板链接丢失的图层 [salllbln]",
            "identifier": "Sync Artboard-Link Lose Layer By Layer Name [salllbln]",
            "script": "Sync Artboard-Link Lose Layer By Layer Name [salllbln].js"
        },
        {
            "name": "根据父级编组边界设置选中项高度 [sshtfpgb]",
            "identifier": "Set Selection Height To Fit Parent Group Border [sshtfpgb]",
            "script": "Set Selection Height To Fit Parent Group Border [sshtfpgb].js"
        },
        {
            "name": "根据父级编组边界设置选中项宽度 [sswtfpgb]",
            "identifier": "Set Selection Width To Fit Parent Group Border [sswtfpgb]",
            "script": "Set Selection Width To Fit Parent Group Border [sswtfpgb].js"
        },
        {
            "name": "在 Finder 中显示文件 [sdif]",
            "identifier": "Show Document In Finder [sdif]",
            "script": "Show Document In Finder [sdif].js"
        },
        {
            "name": "建议",
            "identifier": "Suggest",
            "script": "Suggest & Help.js"
        },
        {
            "name": "固定长宽比减少宽度 [dwwfap]",
            "shortcut": "ctrl option cmd \u001c",
            "identifier": "Decrease Width With Fixed Aspect Proportion [dwwfap]",
            "script": "Decrease Width With Fixed Aspect Proportion [dwwfap].js"
        },
        {
            "name": "固定长宽比减少高度 [dhwfap]",
            "shortcut": "ctrl option cmd \u001e",
            "identifier": "Decrease Height With Fixed Aspect Proportion [dhwfap]",
            "script": "Decrease Height With Fixed Aspect Proportion [dhwfap].js"
        },
        {
            "name": "固定长宽比增加宽度 [iwwfap]",
            "shortcut": "ctrl option cmd \u001d",
            "identifier": "Increase Width With Fixed Aspect Proportion [iwwfap]",
            "script": "Increase Width With Fixed Aspect Proportion [iwwfap].js"
        },
        {
            "name": "固定长宽比增加高度 [ihwfap]",
            "shortcut": "ctrl option cmd \u001f",
            "identifier": "Increase Height With Fixed Aspect Proportion [ihwfap]",
            "script": "Increase Height With Fixed Aspect Proportion [ihwfap].js"
        },
        {
            "name": "临时取消选中所有图层 [tsas]",
            "identifier": "Temporary Unselect All Selections [tsas]",
            "script": "Temporary Unselect All Selections [tsas].js"
        },
        {
            "name": "Reload",
            "identifier": "Reload",
            "script": "Reload.js"
        },
        {
            "name": "结合 Sketch Runner 使用",
            "identifier": "Run With Sketch Runner",
            "script": "Run With Sketch Runner.js"
        },
        {
            "name": "通过 TheSource 创建子组件库 [caclft]",
            "identifier": "Create A Child Library From TheSource [caclft]",
            "script": "Create A Child Library From TheSource [caclft].js"
        },
        {
            "name": "创建选中源组件的引用组件 [csifssm]",
            "identifier": "Create Symbol Instance From Selected Symbol Master [csifssm]",
            "script": "Create Symbol Instance From Selected Symbol Master [csifssm].js"
        },
        {
            "name": "用图层名称重命名图层、字体样式 [rlsnaln]",
            "identifier": "Rename Layer & Text Style After Layer Name [rltsaln]",
            "script": "Rename Layer & Text Style After Layer Name [rltsaln].js"
        },
        {
            "name": "选中指定类型的图层 [slbt]",
            "identifier": "Select Layer By Type [slbt]",
            "script": "Select Layer By Type [slbt].js"
        },
        {
            "name": "取消选中指定类型外的图层 [ulet]",
            "identifier": "Unselect Layer Except Type [ulet]",
            "script": "Unselect Layer Except Type [ulet].js"
        },
        {
            "name": "取消选中指定类型的图层 [ulbt]",
            "identifier": "Unselect Layer By Type [ulbt]",
            "script": "Unselect Layer By Type [ulbt].js"
        },
        {
            "name": "创建带说明的备份 [cabwi]",
            "identifier": "Create A Backup With Introduction [cabwi]",
            "script": "Create A Backup With Introduction [cabwi].js"
        },
        {
            "name": "选中当前页面所有画板 [saaitp]",
            "identifier": "Select All Artboards In This Page [saaitp]",
            "script": "Select All Artboards In This Page [saaitp].js"
        },
        {
            "name": "禁用选中编组的[点击选择组内容] [dsgc]",
            "identifier": "Disable Selected Group Click-Through [dsgc]",
            "script": "Disable Selected Group Click-Through [dsgc].js"
        },
        {
            "name": "启用选中编组的[点击选择组内容] [esgc]",
            "identifier": "Enable Selected Group Click-Through [esgc]",
            "script": "Enable Selected Group Click-Through [esgc].js"
        },
        {
            "name": "临时启用所有编组的[点击选择组内容] [teagc]",
            "identifier": "Temporary Enable All Groups Click-Through [teagc]",
            "script": "Temporary Enable All Groups Click-Through [teagc].js"
        },
        {
            "name": "临时禁用所有编组的[点击选择组内容] [tdagc]",
            "identifier": "Temporary Disable All Groups Click-Through [tdagc]",
            "script": "Temporary Disable All Groups Click-Through [tdagc].js"
        },
        {
            "name": "取消选中名称不包含指定文本的图层 [ulbnwsw]",
            "identifier": "Unselect Layer By Name Without Specified Word [ulbnwsw]",
            "script": "Unselect Layer By Name Without Specified Word [ulbnwsw].js"
        },
        {
            "name": "取消选中内容不包含指定文本的图层 [ulbtcwsw]",
            "identifier": "Unselect Layer By Text Content Without Specified Word [ulbtcwsw]",
            "script": "Unselect Layer By Text Content Without Specified Word [ulbtcwsw].js"
        },
        {
            "name": "取消选中内容包含指定文本的图层 [ulbtc]",
            "identifier": "Unselect Layer By Text Content [ulbtc]",
            "script": "Unselect Layer By Text Content [ulbtc]"
        },
        {
            "name": "通过文本内容搜索图层 [slbtc]",
            "identifier": "Select Layer By Text Content [slbtc]",
            "script": "Select Layer By Text Content [slbtc].js"
        },
        {
            "name": "同步全局半径和阴影 [sgras]",
            "identifier": "Sync Global Radius And Shadows [sgras]",
            "script": "Sync Global Radius And Shadows [sgras].js"
        },
        {
            "name": "选中日志对应的画板 [slca]",
            "identifier": "Select Log Corresponding Artboard [slca]",
            "script": "Select Log Corresponding Artboard [slca].js"
        },
        {
            "name": "创建更新日志 [cacl]",
            "identifier": "Create A Change Log [cacl]",
            "script": "Create A Change Log [cacl].js"
        },
        {
            "name": "重置组件覆盖层 [rso]",
            "identifier": "Reset Symbol Overrides [rso]",
            "script": "Reset Symbol Overrides [rso].js"
        },
        {
            "name": "取消选中名称包含指定文本的图层 [ulbncst]",
            "identifier": "Unselect Layer By Name [ulbn]",
            "script": "Unselect Layer By Name [ulbn].js"
        },
        {
            "name": "通过图层名称搜索图层 [slbn]",
            "identifier": "Select Layer By Name [slbn]",
            "script": "Select Layer By Name [slbn].js"
        },
        {
            "name": "选中后一个对象 [slb]",
            "identifier": "Select One Backward [sob]",
            "script": "Select One Backward [sob].js"
        },
        {
            "name": "选中前一个对象 [slf]",
            "identifier": "Select One Forward [sof]",
            "script": "Select One Forward [sof].js"
        },
        {
            "name": "将组件设为原始尺寸 [stos]",
            "shortcut": "ctrl command option ]",
            "identifier": "Set Symbol To Original Size [sstos]",
            "script": "Set Symbol To Original Size [sstos].js"
        },
        {
            "name": "将选中项移入上方的编组中 [msiga]",
            "identifier": "Move Selection Into Group Above [msiga]",
            "script": "Move Selection Into Group Above [msiga].js"
        },
        {
            "name": "创建备份 [cab]",
            "identifier": "Create A Backup [cab]",
            "script": "Create A Backup [cab].js"
        },
        {
            "name": "将组件设为适合覆盖层的尺寸 [stofs]",
            "shortcut": "ctrl command option '",
            "identifier": "Set Symbol To Overrides Friendly Size [sstofs]",
            "script": "Set Symbol To Overrides Friendly Size [sstofs].js"
        },
        {
            "name": "创建画板链接图层 [call]",
            "identifier": "Create Artboard-Link Layer [call]",
            "script": "Create Artboard-Link Layer [call].js"
        },
        {
            "name": "同步画板链接图层 [sall]",
            "identifier": "Sync Artboard-Link Layer [sall]",
            "script": "Sync Artboard-Link Layer [sall].js"
        },
        {
            "name": "选中除AutoStyle的所有矩形 [sarea]",
            "identifier": "Select All Rectangles Except AutoStyle [sarea]",
            "script": "Select All Rectangles Except AutoStyle [sarea].js"
        },
        {
            "name": "从Sync页面同步同名画板 [ssnafsp]",
            "identifier": "Sync Same Name Artboard From Sync Page [ssnafsp]",
            "script": "Sync Same Name Artboard From Sync Page [ssnafsp].js"
        },
        {
            "name": "重命名AutoStyle图层 [ral]",
            "identifier": "Rename AutoStyle Layers [ral]",
            "script": "Rename AutoStyle Layers [ral].js"
        },
        {
            "name": "切换选中后一个对象 [ctsob]",
            "identifier": "Change To Select One Backward [ctsob]",
            "script": "Change To Select One Backward [ctsob].js"
        },
        {
            "name": "切换选中前一个对象 [ctsof]",
            "identifier": "Change To Select One Forward [ctsof]",
            "script": "Change To Select One Forward [ctsof].js"
        },
        {
            "name": "复制选中项 [ds]",
            "identifier": "Duplicate Selection [ds]",
            "script": "Duplicate Selection [ds].js"
        },
        {
            "name": "将每个选项移动到上一层 [mesf]",
            "identifier": "Move Each Selection Forward [mesf]",
            "script": "Move Each Selection Forward [mesf].js"
        },
        {
            "name": "将每个选项移动到下一层 [mesb]",
            "identifier": "Move Each Selection Backward [mesb]",
            "script": "Move Each Selection Backward [mesb].js"
        },
        {
            "name": "整理选中编组中内部图层的X轴间距 [agilsx]",
            "identifier": "Arrange Group Inner Layers X-Spacing [agilx]",
            "script": "Arrange Group Inner Layers X-Spacing [agilx].js"
        },
        {
            "name": "整理选中编组中内部图层的Y轴间距 [agilsy]",
            "identifier": "Arrange Group Inner Layers Y-Spacing [agily]",
            "script": "Arrange Group Inner Layers Y-Spacing [agily].js"
        },
        {
            "name": "临时解锁所有图层 [tual]",
            "identifier": "Temporary Unlock All Layers [tual]",
            "script": "Temporary Unlock All Layers [tual].js"
        },
        {
            "name": "复制图层名称 [cln]",
            "identifier": "Copy Layer Name [cln]",
            "script": "Copy Layer Name [cln].js"
        },
        {
            "name": "粘贴图层名称 [pln]",
            "identifier": "Paste Layer Name [pln]",
            "script": "Paste Layer Name [pln].js"
        },
        {
            "name": "增加宽度 [iw]",
            "shortcut": "ctrl option \u001d",
            "identifier": "Increase Width [iw]",
            "script": "Increase Width [iw].js"
        },
        {
            "name": "减少宽度 [dw]",
            "shortcut": "ctrl option \u001c",
            "identifier": "Decrease Width [dw]",
            "script": "Decrease Width [dw].js"
        },
        {
            "name": "增加高度 [ih]",
            "shortcut": "ctrl option \u001f",
            "identifier": "Increase Height [ih]",
            "script": "Increase Height [ih].js"
        },
        {
            "name": "减少高度 [dh]",
            "shortcut": "ctrl option \u001e",
            "identifier": "Decrease Height [dh]",
            "script": "Decrease Height [dh].js"
        },
        {
            "name": "将选中项宽度设为画板宽度 [sswtaw]",
            "identifier": "Sync Selection Width To Artboard Width [sswtaw].js",
            "script": "Sync Selection Width To Artboard Width [sswtaw].js"
        },
        {
            "name": "将选中项高度设为画板高度 [sshtah]",
            "identifier": "Sync Selection Height To Artboard Height [sshtah].js",
            "script": "Sync Selection Height To Artboard Height [sshtah].js"
        },
        {
            "name": "根据选中项位置设置画板高度 [sahtfsp]",
            "identifier": "Set Artboard Height To Fit Selection Position [sahtfsp]",
            "script": "Set Artboard Height To Fit Selection Position [sahtfsp].js"
        },
        {
            "name": "根据选中项位置设置画板宽度 [sawtfsp]",
            "identifier": "Set Artboard Width To Fit Selection Position [sawtfsp]",
            "script": "Set Artboard Width To Fit Selection Position [sawtfsp].js"
        },
        {
            "name": "将组件设为固定尺寸 [stfs]",
            "shortcut": "ctrl command option /",
            "identifier": "Set Symbol To Fixed Size [sstfs]",
            "script": "Set Symbol To Fixed Size [sstfs].js"
        },
        {
            "name": "向下切换1个组件 [ns]",
            "shortcut": "ctrl option .",
            "identifier": "Next Symbol [ns]",
            "script": "Next Symbol [ns].js"
        },
        {
            "name": "向上切换1个组件 [ls]",
            "shortcut": "ctrl option ,",
            "identifier": "Last Symbol [ls]",
            "script": "Last Symbol [ls]"
        },
        {
            "name": "向下切换10个组件 [n10s]",
            "shortcut": "ctrl cmd option .",
            "identifier": "Next 10th Symbol [n10s]",
            "script": "Next 10th Symbol [n10s].js"
        },
        {
            "name": "向上切换10个组件 [l10s]",
            "shortcut": "ctrl cmd option ,",
            "identifier": "Last 10th Symbol [l10s]",
            "script": "Last 10th Symbol [l10s].js"
        },
        {
            "name": "复制组件 [cs]",
            "identifier": "Copy Symbol [cs]",
            "script": "Copy Symbol [cs].js"
        },
        {
            "name": "复制组件与组件尺寸 [csws]",
            "identifier": "Copy Symbol With Size [csws]",
            "script": "Copy Symbol With Size [csws].js"
        },
        {
            "name": "粘贴源组件 [rsm]",
            "identifier": "Paste Symbol Master [psm]",
            "script": "Paste Symbol Master [psm]"
        },
        {
            "name": "粘贴覆盖层 [rso]",
            "identifier": "Paste Overrides [po]",
            "script": "Paste Overrides [po].js"
        },
        {
            "name": "粘贴文本覆盖层 [rstco]",
            "identifier": "Paste Text Overrides [pto]",
            "script": "Paste Text Overrides [pto]"
        },
        {
            "name": "粘贴除文本的覆盖层 [rsoetc]",
            "identifier": "Paste Overrides Except Text [poet]",
            "script": "Paste Overrides Except Text [poet].js"
        },
        {
            "name": "从TheSource同步所有 [saft]",
            "identifier": "Sync All From TheSource [saft]",
            "script": "Sync All From TheSource [saft].js"
        },
        {
            "name": "将选中项同步到TheSource [sstts]",
            "identifier": "Sync Selection To TheSource [sstts]",
            "script": "Sync Selection To TheSource [sstts].js"
        },
        {
            "name": "将选中项同步到TheChild [ssttc]",
            "identifier": "Sync Selection To TheChild [ssttc]",
            "script": "Sync Selection To TheChild [ssttc].js"
        },
        {
            "name": "备份自定义部分 [cpb]",
            "identifier": "Custom Part Backup [cpb]",
            "script": "Custom Part Backup [cpb].js"
        },
        {
            "name": "Selection Data [sd]",
            "identifier": "Selection Data [sd]",
            "script": "Selection Data [sd].js"
        },
        {
            "name": "Language 语言",
            "identifier": "Language 语言",
            "script": "Language.js"
        }
    ],
    "menu": {
        "title": "🧑🏻‍🚀Xscape!",
        "isRoot": false,
        "items": [
            {
                "title": "文档",
                "items": [
                    "Show Document In Finder [sdif]",
                    "-",
                    "Create A Backup [cab]",
                    "Create A Backup With Introduction [cabwi]",
                    "-",
                    "Create A Change Log [cacl]",
                    "Select Log Corresponding Artboard [slca]"
                ]
            },
            {
                "title": "画板",
                "items": [
                    "Create Artboard-Link Layer [call]",
                    "Sync Artboard-Link Layer [sall]",
                    "Sync Artboard-Link Lose Layer By Layer Name [salllbln]",
                    "-",
                    "Sync Same Name Artboard From Sync Page [ssnafsp]"
                ]
            },
            {
                "title": "编组",
                "items": [
                    "Move Selection Into Group Above [msiga]",
                    "-",
                    "Enable Selected Group Click-Through [esgc]",
                    "Disable Selected Group Click-Through [dsgc]",
                    "Temporary Enable All Groups Click-Through [teagc]",
                    "Temporary Disable All Groups Click-Through [tdagc]"
                ]
            },
            {
                "title": "图层",
                "items": [
                    "Move Each Selection Forward [mesf]",
                    "Move Each Selection Backward [mesb]",
                    "-",
                    "Copy Layer Name [cln]",
                    "Paste Layer Name [pln]",
                    "-",
                    "Duplicate Selection [ds]",
                    "-",
                    "Temporary Unlock All Layers [tual]"
                ]
            },
            {
                "title": "组件 ",
                "items": [
                    "Next Symbol [ns]",
                    "Last Symbol [ls]",
                    "-",
                    "Copy Symbol [cs]",
                    "Copy Symbol With Size [csws]",
                    "-",
                    "Paste Symbol Master [psm]",
                    "Paste Overrides [po]",
                    "Paste Text Overrides [pto]",
                    "Paste Overrides Except Text [poet]",
                    "Reset Symbol Overrides [rso]",
                    "-",
                    "Create Symbol Instance From Selected Symbol Master [csifssm]"
                ]
            },
            {
                "title": "图像",
                "items": [
                    "Convert Image To Shape Layer [citsl]"
                ]
            },
            {
                "title": "文本",
                "items": [
                    "Text Auto Recorder [tar]"
                ]
            },
            {
                "title": "命名",
                "items": [
                    "Rename Layer & Text Style After Layer Name [rltsaln]"
                ]
            },
            {
                "title": "选择",
                "items": [
                    "Select All Artboards In This Page [saaitp]",
                    "-",
                    "Select One Forward [sof]",
                    "Select One Backward [sob]",
                    "Change To Select One Forward [ctsof]",
                    "Change To Select One Backward [ctsob]",
                    "-",
                    "Select Layer By Name [slbn]",
                    "Unselect Layer By Name [ulbn]",
                    "Unselect Layer By Name Without Specified Word [ulbnwsw]",
                    "-",
                    "Select Layer By Text Content [slbtc]",
                    "Unselect Layer By Text Content [ulbtc]",
                    "Unselect Layer By Text Content Without Specified Word [ulbtcwsw]",
                    "-",
                    "Select Layer By Type [slbt]",
                    "Unselect Layer By Type [ulbt]",
                    "Unselect Layer Except Type [ulet]",
                    "-",
                    "Temporary Unselect All Selections [tsas]"
                ]
            },
            {
                "title": "尺寸",
                "items": [
                    "Copy Layer Size And Position [clsap]",
                    "Paste Layer Size [pls]",
                    "Paste Layer Width [plw]",
                    "Paste Layer Height [plh]",
                    "-",
                    "Increase Width [iw]",
                    "Increase Height [ih]",
                    "Decrease Width [dw]",
                    "Decrease Height [dh]",
                    "-",
                    "Increase Width With Fixed Aspect Proportion [iwwfap]",
                    "Increase Height With Fixed Aspect Proportion [ihwfap]",
                    "Decrease Width With Fixed Aspect Proportion [dwwfap]",
                    "Decrease Height With Fixed Aspect Proportion [dhwfap]",
                    "-",
                    "Set Selection Width To Fit Parent Group Border [sswtfpgb]",
                    "Set Selection Height To Fit Parent Group Border [sshtfpgb]",
                    "Sync Selection Width To Artboard Width [sswtaw].js",
                    "Sync Selection Height To Artboard Height [sshtah].js",
                    "-",
                    "Set Artboard Width To Fit Selection Position [sawtfsp]",
                    "Set Artboard Height To Fit Selection Position [sahtfsp]",
                    "-",
                    "Set Symbol To Original Size [sstos]",
                    "Set Symbol To Overrides Friendly Size [sstofs]"
                ]
            },
            {
                "title": "位置",
                "items": [
                    "Copy Layer Size And Position [clsap]",
                    "Paste Layer Position [plp]",
                    "Paste Layer X-Position [plx]",
                    "Paste Layer Y-Position [ply]",
                    "-",
                    "Arrange Group Inner Layers X-Spacing [agilx]",
                    "Arrange Group Inner Layers Y-Spacing [agily]",
                    "-",
                    "Sort Layer Order By X-Position [slobx]",
                    "Sort Layer Order By Y-Position [sloby]",
                    "Reverse Layer Order [rlo]"
                ]
            },
            {
                "title": "预览",
                "items": [
                    "Preview In Browser [pib]",
                    "Auto Refresh Setting [ars]"
                ]
            },
            "-",
            {
                "title": "Dev Mode",
                "items": [
                    {
                        "title": "组件库",
                        "items": [
                            "Sync All From TheSource [saft]",
                            "Sync Selection To TheSource [sstts]",
                            "Sync Selection To TheChild [ssttc]",
                            "Custom Part Backup [cpb]",
                            "-",
                            "Create A Child Library From TheSource [caclft]"
                        ]
                    },
                    {
                        "title": "组件",
                        "items": []
                    },
                    {
                        "title": "样式",
                        "items": [
                            "Sync Global Radius And Shadows [sgras]",
                            "Select All Rectangles Except AutoStyle [sarea]",
                            "Rename AutoStyle Layers [ral]"
                        ]
                    },
                    {
                        "title": "尺寸",
                        "items": [
                            "Set Symbol To Fixed Size [sstfs]"
                        ]
                    }
                ]
            },
            "-",
            "Run With Sketch Runner",
            "Suggest",
            "Language 语言"
        ]
    },
    "disableCocoaScriptPreprocessor": true
}