{
  "name": "🧑🏻‍🚀Xscape!",
  "description": "hi",
  "identifier": "com.wooh.sketch.plugin",
  "icon": "icon.png",
  "author": "Wooh",
  "authorEmail": "im@hihy.me",
  "homepage": "https://ud.hihy.me/",
  "version": "1.2.30",
  "appcast": "https://raw.githubusercontent.com/Woohuang/SketchWooh/master/appcast.xml",
  "commands": [
    {
      "name": "禁用选定的组点击  [dsgc]",
      "identifier": "Disable Selected Group Click-Through  [dsgc]",
      "script": "Disable Selected Group Click-Through  [dsgc].js"
    },
    {
      "name": "启用选定的组点击  [esgc]",
      "identifier": "Enable Selected Group Click-Through  [esgc]",
      "script": "Enable Selected Group Click-Through  [esgc].js"
    },
    {
      "name": "临时启用所有组点击  [teagc]",
      "identifier": "Temporary Enable All Group Click-Through  [teagc]",
      "script": "Temporary Enable All Group Click-Through  [teagc].js"
    },
    {
      "name": "暂时禁用所有组的点击  [tdagc]",
      "identifier": "Temporary Disable All Group Click-Through  [tdagc]",
      "script": "Temporary Disable All Group Click-Through  [tdagc].js"
    },
    {
      "name": "取消选择名称不包含指定文本的对象  [uotnust]",
      "identifier": "Unselect Objects That Name Uncontains Specified Texts  [uotnust]",
      "script": "Unselect Objects That Name Uncontains Specified Texts  [uotnust].js"
    },
    {
      "name": "取消选择内容不包含指定文本的对象  [uotcust]",
      "identifier": "Unselect Objects That Content Uncontains Specified Texts  [uotcust]",
      "script": "Unselect Objects That Content Uncontains Specified Texts  [uotcust].js"
    },
    {
      "name": "取消选择内容包含指定文本的对象  [uotccst]",
      "identifier": "Unselect Objects That Content Cotains Specified Texts  [uotccst]",
      "script": "Unselect Objects That Content Cotains Specified Texts  [uotccst].js"
    },
    {
      "name": "选择内容包含指定文本的对象  [sotccst]",
      "identifier": "Select Objects That Content Cotains Specified Texts  [sotccst]",
      "script": "Select Objects That Content Cotains Specified Texts  [sotccst].js"
    },
    {
      "name": "同步全局半径和阴影  [sgras]",
      "identifier": "Sync Global Radius And Shadows  [sgras]",
      "script": "Sync Global Radius And Shadows  [sgras].js"
    },
    {
      "name": "选择日志对应的画板  [slca]",
      "identifier": "Select Log Corresponding Artboard  [slca]",
      "script": "Select Log Corresponding Artboard  [slca].js"
    },
    {
      "name": "创建变更日志  [cacl]",
      "identifier": "Create A Change Log  [cacl]",
      "script": "Create A Change Log  [cacl].js"
    },
    {
      "name": "重置符号替代  [rso]",
      "identifier": "Reset Symbol Overrides  [rso]",
      "script": "Reset Symbol Overrides  [rso].js"
    },
    {
      "name": "取消选择名称包含指定文本的对象  [uotncst]",
      "identifier": "Unselect Objects That Name Cotains Specified Texts  [uotncst]",
      "script": "Unselect Objects That Name Cotains Specified Texts  [uotncst].js"
    },
    {
      "name": "选择名称包含指定文本的对象  [sotncst]",
      "identifier": "Select Objects That Name Cotains Specified Texts  [sotncst]",
      "script": "Select Objects That Name Cotains Specified Texts  [sotncst].js"
    },
    {
      "name": "向后选择一个  [sob]",
      "identifier": "Select One Backward  [sob]",
      "script": "Select One Backward  [sob].js"
    },
    {
      "name": "选择一个前进  [sof]",
      "identifier": "Select One Forward  [sof]",
      "script": "Select One Forward  [sof].js"
    },
    {
      "name": "设为原始大小  [stos]",
      "shortcut": "ctrl command option ]",
      "identifier": "Set To Original Size  [stos]",
      "script": "Set To Original Size  [stos].js"
    },
    {
      "name": "将选择移到上方的组中  [msiga]",
      "identifier": "Move Selection Into Group Above  [msiga]",
      "script": "Move Selection Into Group Above  [msiga].js"
    },
    {
      "name": "创建备份  [cab]",
      "identifier": "Create A Backup  [cab]",
      "script": "Create A Backup  [cab].js"
    },
    {
      "name": "设置为覆盖友好尺寸  [stofs]",
      "shortcut": "ctrl command option '",
      "identifier": "Set To Overrides Friendly Size  [stofs]",
      "script": "Set To Overrides Friendly Size  [stofs].js"
    },
    {
      "name": "创建画板链接层  [call]",
      "identifier": "Create Artboard Link Layer  [call]",
      "script": "Create Artboard Link Layer  [call].js"
    },
    {
      "name": "同步画板链接层  [sall]",
      "identifier": "Sync Artboard Link Layer  [sall]",
      "script": "Sync Artboard Link Layer  [sall].js"
    },
    {
      "name": "选择除自动样式外的所有矩形  [sarea]",
      "identifier": "Select All Rectangles Except AutoStyle  [sarea]",
      "script": "Select All Rectangles Except AutoStyle  [sarea].js"
    },
    {
      "name": "从同步页面同步同名画板  [ssnafsp]",
      "identifier": "Sync Same Name Artboard From Sync Page  [ssnafsp]",
      "script": "Sync Same Name Artboard From Sync Page  [ssnafsp].js"
    },
    {
      "name": "重命名自动样式图层  [ral]",
      "identifier": "Rename AutoStyle Layers  [ral]",
      "script": "Rename AutoStyle Layers  [ral].js"
    },
    {
      "name": "更改以向后选择一个  [ctsob]",
      "identifier": "Change To Select One Backward  [ctsob]",
      "script": "Change To Select One Backward  [ctsob].js"
    },
    {
      "name": "更改以选择一个前进  [ctsof]",
      "identifier": "Change To Select One Forward  [ctsof]",
      "script": "Change To Select One Forward  [ctsof].js"
    },
    {
      "name": "重复选择  [ds]",
      "identifier": "Duplicate Selection  [ds]",
      "script": "Duplicate Selection  [ds].js"
    },
    {
      "name": "向前移动每个选择  [mesf]",
      "identifier": "Move Each Selection Forward  [mesf]",
      "script": "Move Each Selection Forward  [mesf].js"
    },
    {
      "name": "向后移动每个选择  [mesb]",
      "identifier": "Move Each Selection Backward  [mesb]",
      "script": "Move Each Selection Backward  [mesb].js"
    },
    {
      "name": "排列内层间距X  [ailsx]",
      "identifier": "Arrange Inner Layers Spacing X  [ailsx]",
      "script": "Arrange Inner Layers Spacing X  [ailsx].js"
    },
    {
      "name": "排列内层间距Y  [ailsy]",
      "identifier": "Arrange Inner Layers Spacing Y  [ailsy]",
      "script": "Arrange Inner Layers Spacing Y  [ailsy].js"
    },
    {
      "name": "临时解锁所有图层  [tual]",
      "identifier": "Temporary Unlock All Layer  [tual]",
      "script": "Temporary Unlock All Layer  [tual].js"
    },
    {
      "name": "复制图层名称  [cln]",
      "identifier": "Copy Layer Name  [cln]",
      "script": "Copy Layer Name  [cln].js"
    },
    {
      "name": "粘贴层名称  [pln]",
      "identifier": "Paste Layer Name  [pln]",
      "script": "Paste Layer Name  [pln].js"
    },
    {
      "name": "增加宽度  [iw]",
      "shortcut": "ctrl option \u001d",
      "identifier": "Increase Width  [iw]",
      "script": "Increase Width  [iw].js"
    },
    {
      "name": "减少宽度  [dw]",
      "shortcut": "ctrl option \u001c",
      "identifier": "Decrease Width  [dw]",
      "script": "Decrease Width  [dw].js"
    },
    {
      "name": "增加高度  [ih]",
      "shortcut": "ctrl option \u001f",
      "identifier": "Increase Height  [ih]",
      "script": "Increase Height  [ih].js"
    },
    {
      "name": "降低高度  [dh]",
      "shortcut": "ctrl option \u001e",
      "identifier": "Decrease Height  [dh]",
      "script": "Decrease Height  [dh].js"
    },
    {
      "name": "将选择设置为画板宽度  [sstaw]",
      "identifier": "Set Selection To Artboard Width  [sstaw]",
      "script": "Set Selection To Artboard Width  [sstaw].js"
    },
    {
      "name": "将选择设置为画板高度  [sstah]",
      "identifier": "Set Selection To Artboard Height  [sstah]",
      "script": "Set Selection To Artboard Height  [sstah].js"
    },
    {
      "name": "根据选择位置设置画板高度  [sahatsl]",
      "identifier": "Set Artboard Height According To Selection Location  [sahatsl]",
      "script": "Set Artboard Height According To Selection Location  [sahatsl].js"
    },
    {
      "name": "根据选择位置设置画板宽度  [sawatsl]",
      "identifier": "Set Artboard Width According To Selection Location  [sawatsl]",
      "script": "Set Artboard Width According To Selection Location  [sawatsl].js"
    },
    {
      "name": "设置为固定大小  [stfs]",
      "shortcut": "ctrl command option /",
      "identifier": "Set To Fixed Size  [stfs]",
      "script": "Set To Fixed Size  [stfs].js"
    },
    {
      "name": "下一个符号  [ns]",
      "shortcut": "ctrl option .",
      "identifier": "Next Symbol  [ns]",
      "script": "Next Symbol  [ns].js"
    },
    {
      "name": "最后一个符号  [ls]",
      "shortcut": "ctrl option ,",
      "identifier": "Last Symbol  [ls]",
      "script": "symbol-last.js"
    },
    {
      "name": "下一个10个符号  [n10s]",
      "shortcut": "ctrl cmd option .",
      "identifier": "Next 10th Symbol  [n10s]",
      "script": "Next 10th Symbol  [n10s].js"
    },
    {
      "name": "后十个符号  [l10s]",
      "shortcut": "ctrl cmd option ,",
      "identifier": "Last 10th Symbol  [l10s]",
      "script": "Last 10th Symbol  [l10s].js"
    },
    {
      "name": "复制符号  [cs]",
      "shortcut": "ctrl option b",
      "identifier": "Copy Symbol  [cs]",
      "script": "Copy Symbol  [cs].js"
    },
    {
      "name": "复制带有大小的符号  [csws]",
      "shortcut": "ctrl option command b",
      "identifier": "Copy Symbol With Size  [csws]",
      "script": "Copy Symbol With Size  [csws].js"
    },
    {
      "name": "粘贴符号大师  [psm]",
      "shortcut": "ctrl option n",
      "identifier": "Paste Symbol Master  [psm]",
      "script": "Paste Symbol Master  [psm]"
    },
    {
      "name": "粘贴符号替代  [pso]",
      "shortcut": "ctrl option m",
      "identifier": "Paste Symbol Overrides  [pso]",
      "script": "Paste Symbol Overrides  [pso].js"
    },
    {
      "name": "粘贴符号会覆盖仅文本  [psoot]",
      "identifier": "Paste Symbol Overrides Only Text  [psoot]",
      "script": "Paste Symbol Overrides Only Text  [psoot].js"
    },
    {
      "name": "粘贴符号覆盖除文本以外  [psoet]",
      "identifier": "Paste Symbol Overrides Except Text  [psoet]",
      "script": "Paste Symbol Overrides Except Text  [psoet].js"
    },
    {
      "name": "从TheSource同步所有  [saft]",
      "identifier": "Sync All From TheSource  [saft]",
      "script": "Sync All From TheSource  [saft].js"
    },
    {
      "name": "将选择同步到源  [sstts]",
      "identifier": "Sync Selection To TheSource  [sstts]",
      "script": "Sync Selection To TheSource  [sstts].js"
    },
    {
      "name": "将选择同步到TheChild  [ssttc]",
      "identifier": "Sync Selection To TheChild  [ssttc]",
      "script": "Sync Selection To TheChild  [ssttc].js"
    },
    {
      "name": "自定义零件备份  [cpb]",
      "identifier": "Custom Part Backup  [cpb]",
      "script": "Custom Part Backup  [cpb].js"
    },
    {
      "name": "文件资料  [dd]",
      "identifier": "Doc Data  [dd]",
      "script": "Doc Data  [dd].js"
    },
    {
      "name": "选择数据  [sd]",
      "identifier": "Selection Data  [sd]",
      "script": "Selection Data  [sd].js"
    },
    {
      "name": "临时  [",
      "identifier": "Temporary",
      "script": "Temporary.js"
    },
    {
      "name": "语言",
      "identifier": "Language",
      "script": "Language.js"
    }
  ],
  "menu": {
    "title": "🧑🏻‍🚀Xscape!",
    "isRoot": false,
    "items": [
      {
        "title": "Document",
        "items": [
          "Create A Backup  [cab]",
          "Create A Change Log  [cacl]",
          "Select Log Corresponding Artboard  [slca]"
        ]
      },
      {
        "title": "Artboard",
        "items": [
          "Create Artboard Link Layer  [call]",
          "Sync Artboard Link Layer  [sall]",
          "Sync Same Name Artboard From Sync Page  [ssnafsp]"
        ]
      },
      {
        "title": "Group",
        "items": [
          "Move Selection Into Group Above  [msiga]",
          "Enable Selected Group Click-Through  [esgc]",
          "Disable Selected Group Click-Through  [dsgc]",
          "Temporary Enable All Group Click-Through  [teagc]",
          "Temporary Disable All Group Click-Through  [tdagc]"
        ]
      },
      {
        "title": "Layer",
        "items": [
          "Move Each Selection Forward  [mesf]",
          "Move Each Selection Backward  [mesb]",
          "Copy Layer Name  [cln]",
          "Paste Layer Name  [pln]",
          "Duplicate Selection  [ds]",
          "Temporary Unlock All Layer  [tual]"
        ]
      },
      {
        "title": "Symbol ",
        "items": [
          "Next Symbol  [ns]",
          "Last Symbol  [ls]",
          "Next 10th Symbol  [n10s]",
          "Last 10th Symbol  [l10s]",
          "Copy Symbol  [cs]",
          "Copy Symbol With Size  [csws]",
          "Paste Symbol Master  [psm]",
          "Paste Symbol Overrides  [pso]",
          "Paste Symbol Overrides Only Text  [psoot]",
          "Paste Symbol Overrides Except Text  [psoet]",
          "Reset Symbol Overrides  [rso]"
        ]
      },
      {
        "title": "Select",
        "items": [
          "Select One Forward  [sof]",
          "Select One Backward  [sob]",
          "Change To Select One Forward  [ctsof]",
          "Change To Select One Backward  [ctsob]",
          "Select Objects That Name Cotains Specified Texts  [sotncst]",
          "Unselect Objects That Name Cotains Specified Texts  [uotncst]",
          "Unselect Objects That Name Uncontains Specified Texts  [uotnust]",
          "Select Objects That Content Cotains Specified Texts  [sotccst]",
          "Unselect Objects That Content Cotains Specified Texts  [uotccst]",
          "Unselect Objects That Content Uncontains Specified Texts  [uotcust]"
        ]
      },
      {
        "title": "Size",
        "items": [
          "Increase Width  [iw]",
          "Decrease Width  [dw]",
          "Increase Height  [ih]",
          "Decrease Height  [dh]",
          "Set Selection To Artboard Width  [sstaw]",
          "Set Selection To Artboard Height  [sstah]",
          "Set Artboard Width According To Selection Location  [sawatsl]",
          "Set Artboard Height According To Selection Location  [sahatsl]",
          "Set To Fixed Size  [stfs]",
          "Set To Overrides Friendly Size  [stofs]",
          "Set To Original Size  [stos]"
        ]
      },
      {
        "title": "Location",
        "items": [
          "Arrange Inner Layers Spacing X  [ailsx]",
          "Arrange Inner Layers Spacing Y  [ailsy]"
        ]
      },
      {
        "title": "TheSource",
        "items": [
          {
            "title": "Library",
            "items": [
              "Sync All From TheSource  [saft]",
              "Sync Selection To TheSource  [sstts]",
              "Sync Selection To TheChild  [ssttc]",
              "Custom Part Backup"
            ]
          },
          {
            "title": "Style",
            "items": [
              "Sync Global Radius And Shadows  [sgras]",
              "Select All Rectangles Except AutoStyle  [sarea]",
              "Rename AutoStyle Layers  [ral]"
            ]
          },
          {
            "title": "Dev",
            "items": [
              "Doc Data  [dd]",
              "Selection Data  [sd]",
              "Temporary"
            ]
          }
        ]
      },
      "Language"
    ]
  }
}