{
  "name": "🧑🏻‍🚀Xscape!",
  "description": "hi",
  "identifier": "com.wooh.sketch.plugin",
  "icon": "icon.png",
  "author": "Wooh",
  "authorEmail": "im@hihy.me",
  "homepage": "https://ud.hihy.me/",
  "version": "1.2.30",
  "appcast": "https://raw.githubusercontent.com/Woohuang/SketchWooh/master/appcast.xml",
  "commands": [
    {
      "name": "禁用选中编组的[点击选择组内容]  [dsgc]",
      "identifier": "Disable Selected Group Click-Through  [dsgc]",
      "script": "Disable Selected Group Click-Through  [dsgc].js"
    },
    {
      "name": "启用选中编组的[点击选择组内容]  [esgc]",
      "identifier": "Enable Selected Group Click-Through  [esgc]",
      "script": "Enable Selected Group Click-Through  [esgc].js"
    },
    {
      "name": "临时启用所有组的[点击选择组内容]  [teagc]",
      "identifier": "Temporary Enable All Groups Click-Through  [teagc]",
      "script": "Temporary Enable All Groups Click-Through  [teagc].js"
    },
    {
      "name": "临时禁用所有组的[点击选择组内容]  [tdagc]",
      "identifier": "Temporary Disable All Groups Click-Through  [tdagc]",
      "script": "Temporary Disable All Groups Click-Through  [tdagc].js"
    },
    {
      "name": "取消选中名称不包含指定文本的对象  [uotnust]",
      "identifier": "Unselect Objects That Name Uncontains Specified Texts  [uotnust]",
      "script": "Unselect Objects That Name Uncontains Specified Texts  [uotnust].js"
    },
    {
      "name": "取消选中内容不包含指定文本的对象  [uotcust]",
      "identifier": "Unselect Objects That Content Uncontains Specified Texts  [uotcust]",
      "script": "Unselect Objects That Content Uncontains Specified Texts  [uotcust].js"
    },
    {
      "name": "取消选中内容包含指定文本的对象  [uotccst]",
      "identifier": "Unselect Objects That Content Cotains Specified Texts  [uotccst]",
      "script": "Unselect Objects That Content Cotains Specified Texts  [uotccst].js"
    },
    {
      "name": "选中内容包含指定文本的对象  [sotccst]",
      "identifier": "Select Objects That Content Cotains Specified Texts  [sotccst]",
      "script": "Select Objects That Content Cotains Specified Texts  [sotccst].js"
    },
    {
      "name": "同步全局半径和阴影  [sgras]",
      "identifier": "Sync Global Radius And Shadows  [sgras]",
      "script": "Sync Global Radius And Shadows  [sgras].js"
    },
    {
      "name": "选中日志对应的画板  [slca]",
      "identifier": "Select Log Corresponding Artboard  [slca]",
      "script": "Select Log Corresponding Artboard  [slca].js"
    },
    {
      "name": "创建更新日志  [cacl]",
      "identifier": "Create A Change Log  [cacl]",
      "script": "Create A Change Log  [cacl].js"
    },
    {
      "name": "重置控件覆盖层  [rso]",
      "identifier": "Reset Symbol Overrides  [rso]",
      "script": "Reset Symbol Overrides  [rso].js"
    },
    {
      "name": "取消选中名称包含指定文本的对象  [uotncst]",
      "identifier": "Unselect Objects That Name Cotains Specified Texts  [uotncst]",
      "script": "Unselect Objects That Name Cotains Specified Texts  [uotncst].js"
    },
    {
      "name": "选中名称包含指定文本的对象  [sotncst]",
      "identifier": "Select Objects That Name Cotains Specified Texts  [sotncst]",
      "script": "Select Objects That Name Cotains Specified Texts  [sotncst].js"
    },
    {
      "name": "选中后一个对象  [sob]",
      "identifier": "Select One Backward  [sob]",
      "script": "Select One Backward  [sob].js"
    },
    {
      "name": "选中前一个对象  [sof]",
      "identifier": "Select One Forward  [sof]",
      "script": "Select One Forward  [sof].js"
    },
    {
      "name": "将控件设为原始尺寸  [stos]",
      "shortcut": "ctrl command option ]",
      "identifier": "Set Symbol To Original Size  [sstos]",
      "script": "Set Symbol To Original Size  [sstos].js"
    },
    {
      "name": "将选中项移入上方的编组中  [msiga]",
      "identifier": "Move Selection Into Group Above  [msiga]",
      "script": "Move Selection Into Group Above  [msiga].js"
    },
    {
      "name": "创建备份  [cab]",
      "identifier": "Create A Backup  [cab]",
      "script": "Create A Backup  [cab].js"
    },
    {
      "name": "将控件设为适合覆盖层的尺寸  [stofs]",
      "shortcut": "ctrl command option '",
      "identifier": "Set Symbol To Overrides Friendly Size  [sstofs]",
      "script": "Set Symbol To Overrides Friendly Size  [sstofs].js"
    },
    {
      "name": "创建画板链接图层  [call]",
      "identifier": "Create Artboard Link Layer  [call]",
      "script": "Create Artboard Link Layer  [call].js"
    },
    {
      "name": "同步画板链接图层  [sall]",
      "identifier": "Sync Artboard Link Layer  [sall]",
      "script": "Sync Artboard Link Layer  [sall].js"
    },
    {
      "name": "选中除AutoStyle的所有矩形  [sarea]",
      "identifier": "Select All Rectangles Except AutoStyle  [sarea]",
      "script": "Select All Rectangles Except AutoStyle  [sarea].js"
    },
    {
      "name": "从Sync页面同步同名画板  [ssnafsp]",
      "identifier": "Sync Same Name Artboard From Sync Page  [ssnafsp]",
      "script": "Sync Same Name Artboard From Sync Page  [ssnafsp].js"
    },
    {
      "name": "重命名AutoStyle图层  [ral]",
      "identifier": "Rename AutoStyle Layers  [ral]",
      "script": "Rename AutoStyle Layers  [ral].js"
    },
    {
      "name": "切换选中后一个对象  [ctsob]",
      "identifier": "Change To Select One Backward  [ctsob]",
      "script": "Change To Select One Backward  [ctsob].js"
    },
    {
      "name": "切换选中前一个对象  [ctsof]",
      "identifier": "Change To Select One Forward  [ctsof]",
      "script": "Change To Select One Forward  [ctsof].js"
    },
    {
      "name": "复制选中项  [ds]",
      "identifier": "Duplicate Selection  [ds]",
      "script": "Duplicate Selection  [ds].js"
    },
    {
      "name": "将每个选项移动到上一层  [mesf]",
      "identifier": "Move Each Selection Forward  [mesf]",
      "script": "Move Each Selection Forward  [mesf].js"
    },
    {
      "name": "将每个选项移动到下一层  [mesb]",
      "identifier": "Move Each Selection Backward  [mesb]",
      "script": "Move Each Selection Backward  [mesb].js"
    },
    {
      "name": "整理选中编组的内部图层的X间距  [ailsx]",
      "identifier": "Arrange Inner Layers Spacing X  [ailsx]",
      "script": "Arrange Inner Layers Spacing X  [ailsx].js"
    },
    {
      "name": "整理选中编组的内部图层的Y间距  [ailsy]",
      "identifier": "Arrange Inner Layers Spacing Y  [ailsy]",
      "script": "Arrange Inner Layers Spacing Y  [ailsy].js"
    },
    {
      "name": "临时解锁所有图层  [tual]",
      "identifier": "Temporary Unlock All Layer  [tual]",
      "script": "Temporary Unlock All Layer  [tual].js"
    },
    {
      "name": "复制图层名称  [cln]",
      "identifier": "Copy Layer Name  [cln]",
      "script": "Copy Layer Name  [cln].js"
    },
    {
      "name": "粘贴图层名称  [pln]",
      "identifier": "Paste Layer Name  [pln]",
      "script": "Paste Layer Name  [pln].js"
    },
    {
      "name": "增加宽度  [iw]",
      "shortcut": "ctrl option \u001d",
      "identifier": "Increase Width  [iw]",
      "script": "Increase Width  [iw].js"
    },
    {
      "name": "减少宽度  [dw]",
      "shortcut": "ctrl option \u001c",
      "identifier": "Decrease Width  [dw]",
      "script": "Decrease Width  [dw].js"
    },
    {
      "name": "增加高度  [ih]",
      "shortcut": "ctrl option \u001f",
      "identifier": "Increase Height  [ih]",
      "script": "Increase Height  [ih].js"
    },
    {
      "name": "减少高度  [dh]",
      "shortcut": "ctrl option \u001e",
      "identifier": "Decrease Height  [dh]",
      "script": "Decrease Height  [dh].js"
    },
    {
      "name": "将选中项宽度设为画板宽度  [sstaw]",
      "identifier": "Set Selection To Artboard Width  [sstaw]",
      "script": "Set Selection To Artboard Width  [sstaw].js"
    },
    {
      "name": "将选中项高度设为画板高度  [sstah]",
      "identifier": "Set Selection To Artboard Height  [sstah]",
      "script": "Set Selection To Artboard Height  [sstah].js"
    },
    {
      "name": "根据选中项位置设置画板高度  [sahatsl]",
      "identifier": "Set Artboard Height According To Selection Location  [sahatsl]",
      "script": "Set Artboard Height According To Selection Location  [sahatsl].js"
    },
    {
      "name": "根据选中项位置设置画板宽度  [sawatsl]",
      "identifier": "Set Artboard Width According To Selection Location  [sawatsl]",
      "script": "Set Artboard Width According To Selection Location  [sawatsl].js"
    },
    {
      "name": "将控件设为固定尺寸  [stfs]",
      "shortcut": "ctrl command option /",
      "identifier": "Set Symbol To Fixed Size  [sstfs]",
      "script": "Set Symbol To Fixed Size  [sstfs].js"
    },
    {
      "name": "向下切换1个控件  [ns]",
      "shortcut": "ctrl option .",
      "identifier": "Next Symbol  [ns]",
      "script": "Next Symbol  [ns].js"
    },
    {
      "name": "向上切换1个控件  [ls]",
      "shortcut": "ctrl option ,",
      "identifier": "Last Symbol  [ls]",
      "script": "symbol-last.js"
    },
    {
      "name": "向下切换10个控件  [n10s]",
      "shortcut": "ctrl cmd option .",
      "identifier": "Next 10th Symbol  [n10s]",
      "script": "Next 10th Symbol  [n10s].js"
    },
    {
      "name": "向上切换10个控件  [l10s]",
      "shortcut": "ctrl cmd option ,",
      "identifier": "Last 10th Symbol  [l10s]",
      "script": "Last 10th Symbol  [l10s].js"
    },
    {
      "name": "复制控件  [cs]",
      "shortcut": "ctrl option b",
      "identifier": "Copy Symbol  [cs]",
      "script": "Copy Symbol  [cs].js"
    },
    {
      "name": "复制控件与控件尺寸  [csws]",
      "shortcut": "ctrl option command b",
      "identifier": "Copy Symbol With Size  [csws]",
      "script": "Copy Symbol With Size  [csws].js"
    },
    {
      "name": "粘贴控件  [psm]",
      "shortcut": "ctrl option n",
      "identifier": "Paste Symbol Master  [psm]",
      "script": "Paste Symbol Master  [psm]"
    },
    {
      "name": "粘贴覆盖层  [pso]",
      "shortcut": "ctrl option m",
      "identifier": "Paste Symbol Overrides  [pso]",
      "script": "Paste Symbol Overrides  [pso].js"
    },
    {
      "name": "粘贴文本覆盖层  [psoot]",
      "identifier": "Paste Symbol Overrides Only Text  [psoot]",
      "script": "Paste Symbol Overrides Only Text  [psoot].js"
    },
    {
      "name": "粘贴除文本外的覆盖层  [psoet]",
      "identifier": "Paste Symbol Overrides Except Text  [psoet]",
      "script": "Paste Symbol Overrides Except Text  [psoet].js"
    },
    {
      "name": "从TheSource同步所有  [saft]",
      "identifier": "Sync All From TheSource  [saft]",
      "script": "Sync All From TheSource  [saft].js"
    },
    {
      "name": "将选中项同步到TheSource  [sstts]",
      "identifier": "Sync Selection To TheSource  [sstts]",
      "script": "Sync Selection To TheSource  [sstts].js"
    },
    {
      "name": "将选中项同步到TheChild  [ssttc]",
      "identifier": "Sync Selection To TheChild  [ssttc]",
      "script": "Sync Selection To TheChild  [ssttc].js"
    },
    {
      "name": "备份自定义部分  [cpb]",
      "identifier": "Custom Part Backup  [cpb]",
      "script": "Custom Part Backup  [cpb].js"
    },
    {
      "name": "Doc Data  [dd]",
      "identifier": "Doc Data  [dd]",
      "script": "Doc Data  [dd].js"
    },
    {
      "name": "Selection Data  [sd]",
      "identifier": "Selection Data  [sd]",
      "script": "Selection Data  [sd].js"
    },
    {
      "name": "Temporary",
      "identifier": "Temporary",
      "script": "Temporary.js"
    },
    {
      "name": "Language",
      "identifier": "Language",
      "script": "Language.js"
    }
  ],
  "menu": {
    "title": "🧑🏻‍🚀Xscape!",
    "isRoot": false,
    "items": [
      {
        "title": "文件",
        "items": [
          "Create A Backup  [cab]",
          "Create A Change Log  [cacl]",
          "Select Log Corresponding Artboard  [slca]"
        ]
      },
      {
        "title": "画板",
        "items": [
          "Create Artboard Link Layer  [call]",
          "Sync Artboard Link Layer  [sall]",
          "Sync Same Name Artboard From Sync Page  [ssnafsp]"
        ]
      },
      {
        "title": "编组",
        "items": [
          "Move Selection Into Group Above  [msiga]",
          "Enable Selected Group Click-Through  [esgc]",
          "Disable Selected Group Click-Through  [dsgc]",
          "Temporary Enable All Groups Click-Through  [teagc]",
          "Temporary Disable All Groups Click-Through  [tdagc]"
        ]
      },
      {
        "title": "图层",
        "items": [
          "Move Each Selection Forward  [mesf]",
          "Move Each Selection Backward  [mesb]",
          "Copy Layer Name  [cln]",
          "Paste Layer Name  [pln]",
          "Duplicate Selection  [ds]",
          "Temporary Unlock All Layer  [tual]"
        ]
      },
      {
        "title": "控件",
        "items": [
          "Next Symbol  [ns]",
          "Last Symbol  [ls]",
          "Next 10th Symbol  [n10s]",
          "Last 10th Symbol  [l10s]",
          "Copy Symbol  [cs]",
          "Copy Symbol With Size  [csws]",
          "Paste Symbol Master  [psm]",
          "Paste Symbol Overrides  [pso]",
          "Paste Symbol Overrides Only Text  [psoot]",
          "Paste Symbol Overrides Except Text  [psoet]",
          "Reset Symbol Overrides  [rso]"
        ]
      },
      {
        "title": "选择",
        "items": [
          "Select One Forward  [sof]",
          "Select One Backward  [sob]",
          "Change To Select One Forward  [ctsof]",
          "Change To Select One Backward  [ctsob]",
          "Select Objects That Name Cotains Specified Texts  [sotncst]",
          "Unselect Objects That Name Cotains Specified Texts  [uotncst]",
          "Unselect Objects That Name Uncontains Specified Texts  [uotnust]",
          "Select Objects That Content Cotains Specified Texts  [sotccst]",
          "Unselect Objects That Content Cotains Specified Texts  [uotccst]",
          "Unselect Objects That Content Uncontains Specified Texts  [uotcust]"
        ]
      },
      {
        "title": "尺寸",
        "items": [
          "Increase Width  [iw]",
          "Decrease Width  [dw]",
          "Increase Height  [ih]",
          "Decrease Height  [dh]",
          "Set Selection To Artboard Width  [sstaw]",
          "Set Selection To Artboard Height  [sstah]",
          "Set Artboard Width According To Selection Location  [sawatsl]",
          "Set Artboard Height According To Selection Location  [sahatsl]",
          "Set Symbol To Fixed Size  [sstfs]",
          "Set Symbol To Overrides Friendly Size  [sstofs]",
          "Set Symbol To Original Size  [sstos]"
        ]
      },
      {
        "title": "位置",
        "items": [
          "Arrange Inner Layers Spacing X  [ailsx]",
          "Arrange Inner Layers Spacing Y  [ailsy]"
        ]
      },
      {
        "title": "TheSource",
        "items": [
          {
            "title": "Library",
            "items": [
              "Sync All From TheSource  [saft]",
              "Sync Selection To TheSource  [sstts]",
              "Sync Selection To TheChild  [ssttc]",
              "Custom Part Backup"
            ]
          },
          {
            "title": "Style",
            "items": [
              "Sync Global Radius And Shadows  [sgras]",
              "Select All Rectangles Except AutoStyle  [sarea]",
              "Rename AutoStyle Layers  [ral]"
            ]
          },
          {
            "title": "Dev",
            "items": [
              "Doc Data  [dd]",
              "Selection Data  [sd]",
              "Temporary"
            ]
          }
        ]
      },
      "Language"
    ]
  }
}